serum,variant,ic80,log2_fold_change_ic80
3944,Y159N,0.0006880437394846804,1.3149575457691722
3944,T160K,0.00036381628357573504,0.395667380790885
3944,T160K-Y159N,0.0009878020105973208,1.8366791698792855
3944,S124R,0.0004740701509543016,0.7775578236702514
3944,K189E,0.0028933942230743217,3.387148262466533
3944,S193D,0.0019438571207097508,2.813307540005733
3944,S145K,0.0004574865434817014,0.7261865732218921
215C,Y159N,0.0016350263341108565,2.3138776186504315
215C,T160K,0.00020557925987710072,-0.677669624761607
215C,T160K-Y159N,0.0005684526417684165,0.7896758135521247
215C,S124R,0.000912337653499125,1.4722035119107082
215C,K189E,0.0026844672087962206,3.029199528612611
215C,S193D,0.0023606186757052995,2.843728759931263
215C,S145K,0.0003025707186080821,-0.12009197155622965
