serum,variant,ic50,log2_fold_change_ic50
3944,Y159N,0.00032415922877898927,1.1011323003831546
3944,T160K,0.0002592150915727382,0.778579368267707
3944,T160K-Y159N,0.0006160822417480032,2.027552604818011
3944,S124R,0.0002046164616922317,0.43735187017326477
3944,K189E,0.0013102818991583573,3.116234980586471
3944,S193D,0.000792549282629864,2.390930301810302
3944,S145H,0.00015428111066246837,0.029991090515051427
2365,Y159N,0.0005655444768634776,1.1587803758152246
2365,T160K,0.00026945608815005746,0.08919007102579339
2365,T160K-Y159N,0.0005598001712822477,1.1440518156939397
2365,S124R,0.00043972409787859716,0.7957384850409075
2365,K189E,0.0011634661329575934,2.199497198556672
2365,S193D,0.0009172082124006869,1.856389159786079
2365,S145H,0.00020563367914406568,-0.3007835409333092
