serum,variant,ic50,log2_fold_change_ic50
3944,Y159N,0.0003220986269686338,1.2916870555476538
3944,T160K,0.00022409718445134724,0.7683090676820686
3944,T160K-Y159N,0.0005367995242528482,2.028567937613629
3944,S124R,0.00030281410725941315,1.2026169626888192
3944,K189E,0.0014976524757471799,3.508815530605322
3944,S193D,0.0008973178256891164,2.7698036160430504
3944,S145K,0.0002482421250664497,0.9159324968498785
215C,Y159N,0.0015417669910727967,3.6264978246025623
215C,T160K,0.00010327636557210163,-0.2735048795764754
215C,T160K-Y159N,0.00022430393999321903,0.8454399462562413
215C,S124R,0.00045226621274790506,1.8571572052773322
215C,K189E,0.0009740718712724617,2.9640132086326005
215C,S193D,0.0007652198898555219,2.6158593572545366
215C,S145K,0.00013246543868376289,0.08560098190050587
