serum,variant,log2_fold_change_ic80
197C,Y159N,-0.37972647135921805
197C,T160K,-2.051716495887036
197C,T160K-Y159N,-1.2770849113961327
197C,K189E,0.7878928812450896
197C,S193D,0.9796085148315293
197C,S145K,1.6310076039003594
74C,Y159N,0.9731601670416832
74C,T160K,-1.2732901401881898
74C,T160K-Y159N,0.4818567574239039
74C,K189E,0.4922380209365971
74C,S193D,1.7383580773905105
74C,S145K,1.52128540836638
