serum,variant,ic50,log2_fold_change_ic50
3944,Y159N,0.00032278678235948604,1.293534266921397
3944,T160K,0.00022413077396649445,0.767293513020167
3944,T160K-Y159N,0.0005368529128568564,2.0274796355930063
3944,S124R,0.0003028275738444871,1.2014493386494272
3944,K189E,0.0014976923606085778,3.5076221699856522
3944,S193D,0.0008974125217296299,2.768724077612657
3944,S145H,0.00026715198049828107,1.0206134757629055
3944,S145K,0.00024830994626310926,0.9150948143524491
215C,Y159N,0.001541750505132797,3.6497158486501746
215C,T160K,0.00010352562312269302,-0.24679367888907427
215C,T160K-Y159N,0.00022408160130533555,0.8672426329460456
215C,S124R,0.00045216797128534703,1.8800772390993112
215C,K189E,0.0009747035172654469,2.9881818852018904
215C,S193D,0.0007663592395910632,2.641239265148542
215C,S145H,0.0002774177963506875,1.1752787742802209
215C,S145K,0.00013243649135140468,0.10851912970824582
