serum,variant,log2_fold_change_ic80
3856,E50K,-0.3158716305053015
3856,K189E,0.0422432836978997
3856,S193D,0.29154925305574125
3856,T160K,-1.7009275118298919
3856,Y159N,-0.7067389684992818
3856,T160K-Y159N,-1.2801173617482342
4584,E50K,3.8716661132104484
4584,K189E,-0.046675205228060436
4584,S193D,-0.06036824714258388
4584,T160K,-1.2066956557211215
