serum,variant,ic80
3856,WT,0.003956699231836929
3856,E50K,0.0031786755625494547
3856,K189E,0.004074267448804477
3856,S193D,0.004842817566194052
3856,T160K,0.0012170343529973573
3856,Y159N,0.0024242835246172786
3856,T160K-Y159N,0.0016292184320612182
4584,WT,0.006249200358610471
4584,E50K,0.09147703556795096
4584,K189E,0.006050256852103718
4584,S193D,0.005993103746693972
4584,T160K,0.0027075274040744613
