serum,variant,ic80
3856,WT,0.0039394159844257665
3856,E50K,0.0027711968850830356
3856,K189E,0.004015835929501648
3856,S193D,0.0052404654208685255
3856,T160K,0.0010611450707210188
3856,Y159N,0.002362161188889219
3856,T160K-Y159N,0.0016914512888184263
4584,WT,0.006400139314443867
4584,E50K,0.09113538144509455
4584,K189E,0.006327456517215278
4584,S193D,0.006580799800013133
4584,T160K,0.0025004723689598302
