serum,variant,ic90
3944,Y159N,0.0009648479635669129
3944,T160K,0.001006844059266017
3944,T160K-Y159N,0.0013380360817087204
3944,S124R,0.0004896699287628183
3944,K189E,0.0024705930954546738
3944,S193D,0.0020822185174816563
3944,S145H,0.0003644008184563952
3944,S145K,0.0009258512823677697
215C,Y159N,0.0022069428932690394
215C,T160K,0.0011989824114847667
215C,T160K-Y159N,0.0006437518197765623
215C,S124R,0.0011004495967066234
215C,K189E,0.0017177925019488175
215C,S193D,0.0018868722356684554
215C,S145H,0.0006897124980595243
215C,S145K,0.0005651451231262709
