serum,variant,ic90
3857,WT,0.007336741339784708
3857,Y159N,0.00656853551820824
3857,T160K,0.0007935778816184824
3857,K189E,0.02702758070248661
215C,WT,0.0007366309988755324
215C,Y159N,0.0019745028518283214
215C,T160K,0.0003047817555296224
215C,K189E,0.004395037134449208
