serum,variant,ic50
3857,WT,0.002412701741646658
3857,Y159N,0.006076260375216158
3857,T160K,0.00023155166054941346
3857,K189E,0.006875744545129027
215C,WT,0.00017840234987577544
215C,Y159N,0.0013839065929260191
215C,T160K,0.00011128326715929283
215C,K189E,0.0005824914435203913
