serum,variant,ic80
3857,WT,0.00486678810176986
3857,Y159N,0.006382371839007119
3857,T160K,0.0005036844071576416
3857,K189E,0.01630795659510519
215C,WT,0.0004364739144620835
215C,Y159N,0.0017317747713723854
215C,T160K,0.00021013525525096115
215C,K189E,0.0020846807635718054
