serum,variant,log2_fold_change_ic80
3857,T160S,0.10950523373060196
3857,S193D,1.3575014324413637
3857,E50K,0.17208726856186987
215C,T160S,0.057057351178715125
215C,S193D,2.8757897268452592
215C,S124R,1.4549956785860463
215C,S145K,0.28403350158626584
215C,S145H,1.3754808444321596
