serum,variant,log2_fold_change_ic80
3857,Y159N,0.39112270138355365
3857,T160K,-3.2723779870770273
3857,K189E,1.74453415543376
215C,Y159N,1.988283970394898
215C,T160K,-1.0545772056745013
215C,K189E,2.255859134331209
