serum,variant,log2_fold_change_ic80
3944,Y159N,0.8990496750268775
3944,T160K,0.8657116109972626
3944,T160K-Y159N,1.9071769378411585
3944,S124R,0.1223439165055744
3944,K189E,2.9941707572276712
3944,S193D,2.322633806242015
3944,S145H,0.09859606097581787
2365,Y159N,1.2917866397798279
2365,T160K,0.24384126543094795
2365,T160K-Y159N,1.284644933372007
2365,S124R,0.39497536049253335
2365,K189E,2.1124202114943587
2365,S193D,2.001675451635799
2365,S145H,-0.17859695739976733
