serum,variant,log2_fold_change_ic80
3944,Y159N,1.3068354514651634
3944,T160K,0.39706860783710946
3944,T160K-Y159N,1.8388714403639235
3944,S124R,0.7801563750566187
3944,K189E,3.3898103429927473
3944,S193D,2.8156368273013803
3944,S145H,0.6414287123236764
3944,S145K,0.7270928390483719
215C,Y159N,2.267211203739148
215C,T160K,-0.7331477909609299
215C,T160K-Y159N,0.7460091608286619
215C,S124R,1.426476149430929
215C,K189E,2.9794628294729333
215C,S193D,2.791678330591058
215C,S145H,0.9478720024422178
215C,S145K,-0.16801693078249758
