serum,variant,log2_fold_change_ic80
3944,Y159N,1.3696742718582298
3944,T160K,0.6884750283537515
3944,T160K-Y159N,1.9571634888934473
3944,K189E,2.9397336058752708
3944,S193D,2.5572587143585497
3944,S193Y,-0.07078394268594405
3944,S124R,1.0412446428889262
3944,S145H,0.18420072784516786
3944,S145K,1.1027272061913982
