serum,variant,ic50
2365,WT,0.00025330228872310045
2365,S124R,0.00043972409787859716
2365,Y159N,0.0005655444768634776
2365,T160K,0.00026945608815005746
2365,T160K-Y159N,0.0005598001712822477
2365,K189E,0.0011634661329575934
2365,S193D,0.0009172082124006869
2365,S145H,0.00020563367914406568
2365,S145K,1.2207e-05
3857,WT,0.002412701741646658
3857,Y159N,0.006076260375216158
3857,T160K,0.00023155166054941346
3857,K189E,0.006875744545129027
3857,WT_2,0.0019301620960158203
3857,T160S,0.0020771282244522187
3857,S193D,0.006476838271387688
3857,E50K,0.0021491961803797787
3856,WT,0.0017126320150619
3856,E50K,0.001025927399369438
3856,T160K,0.0003947572380299329
3856,K189E,0.0017025989573612168
3856,S193D,0.0012295836586421508
3856,T160K-Y159N,0.0008998081947059706
3856,Y159N,0.0004981216541801615
4584,WT,0.003048387354651835
4584,E50K,0.04840273666102728
4584,T160K,0.0009364956137050254
4584,K189E,0.0028340148770858386
4584,S193D,0.0019615898598709606
3944,WT,7.300624775760471e-05
3944,S124R,0.0002102852653036964
3944,Y159N,0.00018271648492264973
3944,T160K,0.00016650255377985933
3944,T160K-Y159N,0.00035302769163427276
3944,K189E,0.0005905386919445706
3944,S193D,0.0004532672113326921
3944,S193Y,8.046784559532386e-05
3944,T160S,8.937141564604244e-05
3944,S145K,0.00020651864993872208
3944,S145H,7.622868528275824e-05
