serum,variant,log2_fold_change_ic50
2365,Y159N,1.1587803758152246
2365,T160K,0.08919007102579339
2365,T160K-Y159N,1.1440518156939397
2365,K189E,2.199497198556672
2365,S193D,1.856389159786079
2365,S145H,-0.3007835409333092
3856,Y159N,-1.7816451659814099
3856,T160K,-2.11717757600622
3856,T160K-Y159N,-0.9285257888724228
3856,K189E,-0.008476547763267561
3856,S193D,-0.4780453032029789
3856,E50K,-0.7392865588227644
3857,Y159N,1.3325341119008263
3857,T160K,-3.3812435721837577
3857,K189E,1.5108663647754605
3857,S193D,1.7465677091391039
3857,E50K,0.15507516829582713
3857,T160S,0.105868267946878
4584,T160K,-1.7027020934795827
4584,K189E,-0.10519890421354913
4584,S193D,-0.6360228095022644
4584,E50K,3.988970477906854
197C,Y159N,-1.0568745446497974
197C,T160K,-2.018230767148386
197C,T160K-Y159N,-1.2970370658478159
197C,K189E,0.6878925069742432
197C,S193D,1.0594866241511853
197C,S145K,1.897758904730533
74C,Y159N,1.326125857856724
74C,T160K,-1.2656232731908994
74C,T160K-Y159N,0.46457945298447334
74C,K189E,0.35240136866462296
74C,S193D,2.1220665084391537
74C,S145K,1.3914780653673868
3944,Y159N,1.3235149637734391
3944,T160K,1.1894524672916686
3944,T160K-Y159N,2.273689515598467
3944,K189E,3.0159397498140548
3944,S193D,2.634269964695827
3944,S193Y,0.14039247443211203
3944,S145H,0.06231406134083265
3944,S145K,1.5001802340874237
3944,T160S,0.2917935440206944
