serum,variant,ic80
2365,WT,0.000589910120585718
2365,S124R,0.0007756847943533157
2365,Y159N,0.001444283246861494
2365,T160K,0.0006985369476076036
2365,T160K-Y159N,0.0014371513453559496
2365,K189E,0.0025508662875287497
2365,S193D,0.0023623824062628893
2365,S145H,0.0005212220808846914
2365,S145K,6.461507111592091e-05
3857,WT,0.00486678810176986
3857,Y159N,0.006382371839007119
3857,T160K,0.0005036844071576416
3857,K189E,0.01630795659510519
3857,WT_2,0.003929283435316229
3857,T160S,0.004239139588000683
3857,S193D,0.01006843585824678
3857,E50K,0.004427074057865967
3856,WT,0.003956699231836929
3856,E50K,0.0031786755625494547
3856,T160K,0.0012170343529973573
3856,K189E,0.004074267448804477
3856,S193D,0.004842817566194052
3856,T160K-Y159N,0.0016292184320612182
3856,Y159N,0.0024242835246172786
4584,WT,0.006249200358610471
4584,E50K,0.09147703556795096
4584,T160K,0.0027075274040744613
4584,K189E,0.006050256852103718
4584,S193D,0.005993103746693972
3944,WT,0.00019290982069326704
3944,S124R,0.00039700886797534846
3944,Y159N,0.0004985025422755427
3944,T160K,0.00031088944112616946
3944,T160K-Y159N,0.0007490645666723959
3944,K189E,0.001480138420759985
3944,S193D,0.001135444515931447
3944,S193Y,0.00018367339241133867
3944,T160S,0.0002090421862769511
3944,S145K,0.0004142936754399523
3944,S145H,0.00021918169526373896
