serum,variant,log2_fold_change_ic90
2365,Y159N,1.36959031656014
2365,T160K,0.33430641484970053
2365,T160K-Y159N,1.3668866350731521
2365,K189E,2.0614834393871235
2365,S193D,2.0866624842367147
2365,S145H,-0.10712238794141218
3856,Y159N,-0.07795915117946729
3856,T160K,-1.4574368333639653
3856,T160K-Y159N,-1.485785247450153
3856,K189E,0.0719124831455796
3856,S193D,0.7417332092262303
3856,E50K,-0.06818977519404933
3857,Y159N,-0.15956767152006066
3857,T160K,-3.2086957021705227
3857,K189E,1.881221050595226
3857,S193D,1.1299122502779841
3857,E50K,0.1820387092760134
3857,T160S,0.11163272233048592
4584,T160K,-0.91655048951614
4584,K189E,-0.012441035918057017
4584,S193D,0.27636808520687717
4584,E50K,3.3943825936581664
197C,Y159N,0.016379758951351655
197C,T160K,-2.071304391508467
197C,T160K-Y159N,-1.2654136492333015
197C,K189E,0.8463893502516151
197C,S193D,0.9328828162510256
197C,S145K,1.4749680958961195
74C,Y159N,0.7666884738737465
74C,T160K,-1.277774969879621
74C,T160K-Y159N,0.49196333263451353
74C,K189E,0.5740372187420859
74C,S193D,1.513903034016505
74C,S145K,1.5972178363390401
3944,Y159N,1.3966757361470679
3944,T160K,0.39542201286774753
3944,T160K-Y159N,1.7720076327687475
3944,K189E,2.8951558693465236
3944,S193D,2.512210020777593
3944,S193Y,-0.1943142277366561
3944,S145H,0.2554998570881096
3944,S145K,0.8702320890741442
3944,T160S,0.012957405827531883
