serum,variant,ic90
2365,WT,0.000967281581465383
2365,S124R,0.0010811388310228386
2365,Y159N,0.0024994283139138226
2365,T160K,0.001219520701268897
2365,T160K-Y159N,0.002494748648613192
2365,K189E,0.00403758119525337
2365,S193D,0.004108666743501953
2365,S145H,0.0008980610609997837
2365,S145K,0.0020026740494932718
3857,WT,0.007336741339784708
3857,Y159N,0.00656853551820824
3857,T160K,0.0007935778816184824
3857,K189E,0.02702758070248661
3857,WT_2,0.005955287489469488
3857,T160S,0.006434392206433279
3857,S193D,0.013032874449059194
3857,E50K,0.006756189831220297
3856,WT,0.006457519924995592
3856,E50K,0.006159402531014923
3856,T160K,0.0023514381028643372
3856,K189E,0.006787558245288883
3856,S193D,0.010798158542243756
3856,T160K-Y159N,0.002305684225316382
3856,Y159N,0.006117834326645609
4584,WT,0.009510186254174187
4584,E50K,0.1
4584,T160K,0.005038251381678621
4584,K189E,0.00942852805263414
4584,S193D,0.011518186494349816
3944,WT,0.0003405690546949063
3944,S124R,0.0005757643975463773
3944,Y159N,0.0008966985648681602
3944,T160K,0.0004479598295363515
3944,T160K-Y159N,0.001163141721226659
3944,K189E,0.0025335760366285496
3944,S193D,0.0019429237432728743
3944,S193Y,0.00029765334862088367
3944,T160S,0.0003436416152415134
3944,S145K,0.0006225455683355295
3944,S145H,0.00040655406216660487
