serum,variant,log2_fold_change_ic80
2365,Y159N,1.2917866397798279
2365,T160K,0.24384126543094795
2365,T160K-Y159N,1.284644933372007
2365,K189E,2.1124202114943587
2365,S193D,2.001675451635799
2365,S145H,-0.17859695739976733
3856,Y159N,-0.7067389684992818
3856,T160K,-1.7009275118298919
3856,T160K-Y159N,-1.2801173617482342
3856,K189E,0.0422432836978997
3856,S193D,0.29154925305574125
3856,E50K,-0.3158716305053015
3857,Y159N,0.39112270138355365
3857,T160K,-3.2723779870770273
3857,K189E,1.74453415543376
3857,S193D,1.3575014324413637
3857,E50K,0.17208726856186987
3857,T160S,0.10950523373060196
4584,T160K,-1.2066956557211215
4584,K189E,-0.046675205228060436
4584,S193D,-0.06036824714258388
4584,E50K,3.8716661132104484
197C,Y159N,-0.37972647135921805
197C,T160K,-2.051716495887036
197C,T160K-Y159N,-1.2770849113961327
197C,K189E,0.7878928812450896
197C,S193D,0.9796085148315293
197C,S145K,1.6310076039003594
74C,Y159N,0.9731601670416832
74C,T160K,-1.2732901401881898
74C,T160K-Y159N,0.4818567574239039
74C,K189E,0.4922380209365971
74C,S193D,1.7383580773905105
74C,S145K,1.52128540836638
3944,Y159N,1.3696742718582298
3944,T160K,0.6884750283537515
3944,T160K-Y159N,1.9571634888934473
3944,K189E,2.9397336058752708
3944,S193D,2.5572587143585497
3944,S193Y,-0.07078394268594405
3944,S145H,0.18420072784516786
3944,S145K,1.1027272061913982
3944,T160S,0.11586752806366517
