serum,variant,log2_fold_change_ic80
age-2.1,F193F,-0.06678357296903205
age-2.1,K189D,1.037596603782395
age-2.1,F193D,0.8268658511691643
age-2.1,F159G,0.7731565756573086
age-2.2,F193F,-0.02509105188598586
age-2.2,K189D,1.5001512159721773
age-2.2,F193D,1.474480516834637
age-2.2,F159G,1.802287402265303
age-2.2,I192E,0.028230171172975542
age-2.4,F193F,-0.06611319795003136
age-2.4,F159G,4.092262132942457
age-2.4,F193D,3.2747457600105365
age-2.4,K189D,0.627937700053951
age-2.4,I192E,0.756606283086594
age-2.5,F193F,-0.22096533661004392
age-2.5,K189D,1.893923567167066
age-2.5,F193D,0.893923567167066
age-2.5,F159G,1.893923567167066
age-2.5-b,F193F,-0.25548316989069786
age-2.5-b,F159G,1.6126021446339434
age-2.5-b,K189D,2.259291930348355
age-2.5-b,F193D,0.9776142953712798
age-3.3,F193F,0.7310929413661089
age-3.3,F159G,3.7759312217858656
age-3.3,K189D,1.4524258297771295
age-3.3,F193D,1.1623430337609548
age-3.3-b,F193F,-0.9635603563382897
age-3.3-b,F159G,0.7979648739319909
age-3.3-b,K189D,-0.34448018706837863
age-3.3-b,F193D,-0.5666930879982891
age-3.4,F193F,-0.2342903734917494
age-3.4,F159G,3.8774107590775366
age-3.4,F193D,2.7422678184236102
age-3.4,K189D,0.3444812406884112
age-3.4,I192E,0.964279313484185
age-3.5,F193F,-0.23711736038880032
age-3.5,K189D,2.0075149758804467
age-3.5,F193D,2.207671236349576
age-3.5,F159G,0.8334460995573563
age-3.5,I192E,-0.33050476199526574
age-30.5,F193F,-0.2968463719126867
age-30.5,F159G,1.7026705863960507
age-30.5,K189D,-1.5169636926284797
age-30.5,F193D,0.24151733322475527
age-31.5,F193F,-0.3658716075894056
age-31.5,F159G,1.8040913924450581
age-31.5,K189D,0.5780929945130691
age-31.5,F193D,1.8040913924450581
age-31.5,I192E,1.8040913924450581
age-33.5,F193F,-0.23127307016999
age-33.5,K189D,1.2317101384163895
age-33.5,F193D,0.5962980246539179
age-33.5,F159G,0.6335269561187562
age-33.5,I192E,0.27450224294612363
ferret-Pitt2,F193F,-0.13233720011908515
ferret-Pitt2,K189D,1.621620693417119
ferret-Pitt2,F193D,1.8966563060474253
