serum,variant,log2_fold_change_ic90
age-2.1,F193F,-0.046823285105556944
age-2.1,K189D,1.1190488089302486
age-2.1,F193D,0.9558639404818473
age-2.1,F159G,0.8431870636828095
age-2.2,F193F,-0.017085511977515486
age-2.2,K189D,1.5795106355145587
age-2.2,F193D,1.588669679738994
age-2.2,F159G,1.948146337705175
age-2.2,I192E,0.11015877360946931
age-2.4,F193F,-0.16264340144074454
age-2.4,F159G,3.341077543202064
age-2.4,F193D,3.152518545710824
age-2.4,K189D,0.3141354357291092
age-2.4,I192E,0.48780949225963355
age-2.5,F193F,-0.10287374596288064
age-2.5,K189D,1.15453639697276
age-2.5,F193D,0.15453639697275998
age-2.5,F159G,1.15453639697276
age-2.5-b,F193F,-0.13418361731593365
age-2.5-b,F159G,1.6700072292608814
age-2.5-b,K189D,1.8290384892293707
age-2.5-b,F193D,1.0049084139476976
age-3.3,F193F,0.8535837208650097
age-3.3,F159G,2.781905026496142
age-3.3,K189D,1.6945491339508398
age-3.3,F193D,1.6607432040093018
age-3.3-b,F193F,-0.7418442355299886
age-3.3-b,F159G,0.0
age-3.3-b,K189D,-0.17464664269681782
age-3.3-b,F193D,-0.3837131733793807
age-3.4,F193F,-0.24894890916842946
age-3.4,F159G,3.2150070601908647
age-3.4,F193D,2.7608575102295227
age-3.4,K189D,0.18159126719998894
age-3.4,I192E,0.7906901933638335
age-3.5,F193F,-0.18915708540471796
age-3.5,K189D,2.15543372234941
age-3.5,F193D,2.4342222138762892
age-3.5,F159G,0.8450814042359318
age-3.5,I192E,-0.21937218633849787
age-30.5,F193F,-0.29312649920470546
age-30.5,F159G,0.825070803105034
age-30.5,K189D,-1.632483585719434
age-30.5,F193D,-0.03142822972108926
age-31.5,F193F,-0.4398548005173796
age-31.5,F159G,0.7952831758735179
age-31.5,K189D,0.5344252836904935
age-31.5,F193D,0.7952831758735179
age-31.5,I192E,0.7952831758735179
age-33.5,F193F,-0.2661084037439917
age-33.5,K189D,0.5666056583873263
age-33.5,F193D,0.5666056583873263
age-33.5,F159G,0.5666056583873263
age-33.5,I192E,0.5196817131008619
ferret-Pitt2,F193F,0.06217717257650192
ferret-Pitt2,K189D,1.6844169321459894
ferret-Pitt2,F193D,1.8598756619032462
