aa,codon,frequency
G,GGG,0.0173
G,GGA,0.02957
G,GGT,0.0116
G,GGC,0.010539999999999999
E,GAG,0.03168
E,GAA,0.037380000000000004
D,GAT,0.02619
D,GAC,0.01927
V,GTG,0.020829999999999998
V,GTA,0.01435
V,GTT,0.01614
V,GTC,0.0116
A,GCG,0.00367
A,GCA,0.020460000000000002
A,GCT,0.01497
A,GCC,0.01303
R,AGG,0.01918
R,AGA,0.02991
S,AGT,0.015050000000000001
S,AGC,0.01651
K,AAG,0.01961
K,AAA,0.036340000000000004
N,AAT,0.03178
N,AAC,0.02165
M,ATG,0.03462
I,ATA,0.02621
I,ATT,0.02534
I,ATC,0.01687
T,ACG,0.00379
T,ACA,0.028210000000000002
T,ACT,0.01835
T,ACC,0.01529
W,TGG,0.01731
C,TGT,0.00985
C,TGC,0.01524
Y,TAT,0.01889
Y,TAC,0.00898
L,TTG,0.01449
L,TTA,0.00707
F,TTT,0.01823
F,TTC,0.01713
S,TCG,0.0027400000000000002
S,TCA,0.02117
S,TCT,0.01221
S,TCC,0.01434
R,CGG,0.00561
R,CGA,0.0061200000000000004
R,CGT,0.0014299999999999998
R,CGC,0.0030299999999999997
Q,CAG,0.016210000000000002
Q,CAA,0.02116
H,CAT,0.012240000000000001
H,CAC,0.00551
L,CTG,0.0108
L,CTA,0.01226
L,CTT,0.01736
L,CTC,0.01167
P,CCG,0.00413
P,CCA,0.012960000000000001
P,CCT,0.0149
P,CCC,0.0071600000000000006
